Term,Df,Sum Sq,F value,Pr(>F),part.eta.sq
ewp_rate,2,5284305183,3002.43,0.00,0.55
ci_rate,2,2147137688,703.56,0.00,0.22
simu_distr,2,183368339.1,47.50,0.00,0.02
ci_access,2,582122065.1,157.49,0.00,0.06
iterat_times,1,2497594.707,1.27,0.26,0.00"Term","Df","Df.res","Sum Sq","Sum Sq.res","F value","Pr(>F)","part.eta.sq"
"ewp_rate","ewp_rate",2,4857,5284305183.30965,4274180938.69043,3002.43141826358,0,0.552839133296134
"ci_rate",2,4857,2147137687.93922,7411348434.0608,703.559402388449,4.68234566620613e-269,0.22463156409228
"simu_distr",2,4857,183368339.144445,9375117782.85556,47.499137816341,3.71990618552856e-21,0.0191838264767055
"ci_access",2,4857,582122065.09012,8976364056.90988,157.489538760755,5.3641292384864e-67,0.0609010734189692
"iterat_times",1,4858,2497594.70699501,9555988527.29301,1.26970800058284,0.25987712130695,0.000261296054115358
